,data_num,part1_patient_mean,part2_patient_mean,part1_std,part2_std,week,part1_mean,part1_slope,part2_mean,part2_slope,mean_diff,slope_diff,slope_ratio,policy1,Delta1,Omicron1,policy2,Delta2,Omicron2,RI,label
0,0.0,23891.571428571428,28895.85714285714,0.23159418902358636,0.2727461065342874,6.0,0.4307591084793157,-0.010453909935775222,0.5748087836170741,0.04021218850234395,0.1440496751377584,0.05066609843811917,-3.8466170791017023,1.0,0.0,355.2857142857143,1.0,0.0,62.214285714285715,0.0020956451144510976,0.0
1,1.0,23693.761904761905,29830.0,0.23185313961701043,0.26825651074300966,0.0,0.4250651095210681,-0.01072763160846062,0.6016983304548071,0.03763138415988157,0.17663322093373907,0.04835901576834219,-3.5078930311330434,1.0,0.0,352.04761904761904,1.0,0.0,54.92857142857143,0.0025910672710506176,1.0
2,2.0,23551.238095238095,30366.0,0.2377587706579842,0.23922249729580378,1.0,0.42096252433039977,-0.01950687481775565,0.617127230857801,0.010346498636654081,0.1961647065274012,0.029853373454409728,-0.5304026776875831,1.0,0.0,350.57142857142856,1.0,0.0,71.28571428571429,0.00289445766286561,2.0
